Workbook

Sheet Inputs
A1: Ho/Au Source Heat Capacity and Activity Calculator
A2: Edit the yellow cells. Defaults: pure Ho, Ho gamma = 10 mJ/mol/K^2 from Beall & Kinkead; Au gamma = 0.729 mJ/mol/K^2.
A4: Geometry / composition
A5: Length | B5: 33 | C5: um | D5: Source/alloy footprint length
A6: Width | B6: 33 | C6: um | D6: Source/alloy footprint width
A7: Thickness | B7: 0.15 | C7: um | D7: For 50 Bq pure Ho over 200 x 200 um, about 7.5 nm
A8: Ho atomic fraction, x_Ho | B8: 1 | C8: fraction | D8: 1.0 = no Au dilution; 0.5 = 50% atomic Ho / 50% Au
A9: Temperature | B9: 0.05 | C9: K | D9: Operating temperature
A10: Optional two-level Schottky splitting Δ/kB | B10: 0 | C10: K | D10: 0 disables Schottky term; use only as a crude sensitivity knob
A12: Ho material inputs
A13: Ho molar mass | B13: 162.93 | C13: g/mol | D13: Use 163Ho mass scale
A14: Ho density | B14: 8.795 | C14: g/cm^3 | D14: Metallic Ho
A15: Ho electronic gamma | B15: 10 | C15: mJ/mol/K^2 | D15: Empirical fit for Ho metal from Beall & Kinkead (1962): Cp = 2.26 T^3 + 10 T + C_N mJ/mol/K
A16: Ho Debye temperature | B16: 165 | C16: K | D16: For phonon beta estimate
A17: Ho half-life | B17: 4570 | C17: yr | D17: 163Ho half-life used by HOLMES paper
A19: Au material inputs
A20: Au molar mass | B20: 196.96657 | C20: g/mol | D20: Gold
A21: Au density | B21: 19.32 | C21: g/cm^3 | D21: Gold
A22: Au electronic gamma | B22: 0.729 | C22: mJ/mol/K^2 | D22: Sommerfeld coefficient for Au; updated to match the other Au spreadsheet
A23: Au Debye temperature | B23: 170 | C23: K | D23: For phonon beta estimate
A25: Constants
A26: Avogadro constant | B26: 6.0221408e+23 | C26: 1/mol | D26: Exact SI
A27: Boltzmann constant | B27: 1.380649e-23 | C27: J/K | D27: Exact SI
A28: J to eV | B28: 6.2415091e+18 | C28: eV/J | D28: CODATA exact via e charge
A29: Seconds per year | B29: 31557600 | C29: s/yr | D29: Julian year

Sheet Calculator
A1: Calculated source volume, isotope activity, and heat capacity
A3: Quantity | B3: Formula / value | C3: Units | D3: Notes
A4: Volume | B4: =Inputs!B5*Inputs!B6*Inputs!B7 -> 163.35 | C4: um^3 | D4: Total Ho/Au source layer volume
A5: Volume | B5: =B4*0.000000000001 -> 1.6335e-10 | C5: cm^3 | D5: 1 um^3 = 1E-12 cm^3
A6: Ho atomic fraction x | B6: =Inputs!B8 -> 1 | C6: fraction | D6: Editable on Inputs
A7: Au atomic fraction 1-x | B7: =1-B6 -> 0 | C7: fraction | D7: Computed from Ho atomic fraction
A8: Ho molar volume | B8: =Inputs!B13/Inputs!B14 -> 18.525298 | C8: cm^3/mol atoms | D8: M/rho
A9: Au molar volume | B9: =Inputs!B20/Inputs!B21 -> 10.194957 | C9: cm^3/mol atoms | D9: M/rho
A10: Mixture molar volume | B10: =B6*B8+B7*B9 -> 18.525298 | C10: cm^3/mol atoms | D10: Ideal atomic-volume mixture estimate
A11: Total atom moles in source layer | B11: =B5/B10 -> 8.8176717e-12 | C11: mol atoms | D11: Volume / mixture molar volume
A12: Ho moles | B12: =B6*B11 -> 8.8176717e-12 | C12: mol | D12: Fixed by volume and dilution
A13: Au moles | B13: =B7*B11 -> 0 | C13: mol | D13: Added by dilution
A14: Ho atoms | B14: =B12*Inputs!B26 -> 5.310126e+12 | C14: atoms | D14: Moles times Avogadro
A15: Au atoms | B15: =B13*Inputs!B26 -> 0 | C15: atoms | D15: Moles times Avogadro
A16: Ho mass | B16: =B12*Inputs!B13 -> 1.4366632e-09 | C16: g
A17: Au mass | B17: =B13*Inputs!B20 -> 0 | C17: g
A18: Half-life | B18: =Inputs!B17*Inputs!B29 -> 144218232000 | C18: s | D18: Ho half-life in seconds
A19: Decay constant lambda | B19: =LN(2)/B18 -> 4.8062382e-12 | C19: 1/s
A20: Activity / count rate | B20: =B19*B14 -> 25.521731 | C20: Bq = decays/s | D20: Assumes one detected count per Ho EC decay
A22: Temperature | B22: =Inputs!B9 -> 0.05 | C22: K
A23: Ho gamma | B23: =Inputs!B15/1000 -> 0.01 | C23: J/mol/K^2 | D23: mJ converted to J
A24: Au gamma | B24: =Inputs!B22/1000 -> 0.000729 | C24: J/mol/K^2 | D24: mJ converted to J
A25: Ho beta phonon coefficient | B25: =(12*PI()^4/5)*8.314462618/(Inputs!B16^3) -> 0.00043270617 | C25: J/mol/K^4 | D25: Debye low-T beta
A26: Au beta phonon coefficient | B26: =(12*PI()^4/5)*8.314462618/(Inputs!B23^3) -> 0.00039563814 | C26: J/mol/K^4 | D26: Debye low-T beta
A27: Ho electronic heat capacity | B27: =B12*B23*B22 -> 4.4088358e-15 | C27: J/K | D27: n gamma T
A28: Au electronic heat capacity | B28: =B13*B24*B22 -> 0 | C28: J/K | D28: n gamma T
A29: Ho phonon heat capacity | B29: =B12*B25*B22^3 -> 4.7693262e-19 | C29: J/K | D29: n beta T^3
A30: Au phonon heat capacity | B30: =B13*B26*B22^3 -> 0 | C30: J/K | D30: n beta T^3
A31: Optional Ho Schottky heat capacity | B31: =IF(Inputs!B10<=0,0,B14*Inputs!B27*(Inputs!B10/B22)^2*EXP(Inputs!B10/B22)/(1+EXP(Inputs!B10/B22))^2) -> 0 | C31: J/K | D31: Very crude two-level model, disabled by default
A32: Total heat capacity | B32: =SUM(B27:B31) -> 4.4093128e-15 | C32: J/K | D32: Electronic + phonon + optional Schottky
A33: Total heat capacity | B33: =B32*Inputs!B28/1000 -> 27.520766 | C33: eV/mK | D33: J/K to eV/mK
A34: Heat capacity per count rate | B34: =B33/B20 -> 1.0783268 | C34: eV/mK/Bq | D34: Useful scaling when volume tracks activity
A35: Temperature rise for 2.8 keV event | B35: =2800/B33 -> 101.74136 | C35: mK | D35: Rough endpoint-scale pulse height if all heat stays in this C

Sheet Temp Sweep
A1: Temperature sweep using the same geometry and Au dilution from Inputs
A3: T (mK) | B3: T (K) | C3: Ho electronic C (eV/mK) | D3: Au electronic C (eV/mK) | E3: Phonon C (eV/mK) | F3: Total C (eV/mK)
A4: 20 | B4: =A4/1000 -> 0.02 | C4: =Calculator!B12*Calculator!B23*B4*Inputs!B28/1000 -> 11.007116 | D4: =Calculator!B13*Calculator!B24*B4*Inputs!B28/1000 -> 0 | E4: =(Calculator!B12*Calculator!B25*B4^3+Calculator!B13*Calculator!B26*B4^3)*Inputs!B28/1000 -> 0.00019051387 | F4: =C4+D4+E4+IF(Inputs!B10<=0,0,Calculator!B14*Inputs!B27*(Inputs!B10/B4)^2*EXP(Inputs!B10/B4)/(1+EXP(Inputs!B10/B4))^2*Inputs!B28/1000) -> 11.007306
A5: 30 | B5: =A5/1000 -> 0.03 | C5: =Calculator!B12*Calculator!B23*B5*Inputs!B28/1000 -> 16.510673 | D5: =Calculator!B13*Calculator!B24*B5*Inputs!B28/1000 -> 0 | E5: =(Calculator!B12*Calculator!B25*B5^3+Calculator!B13*Calculator!B26*B5^3)*Inputs!B28/1000 -> 0.00064298432 | F5: =C5+D5+E5+IF(Inputs!B10<=0,0,Calculator!B14*Inputs!B27*(Inputs!B10/B5)^2*EXP(Inputs!B10/B5)/(1+EXP(Inputs!B10/B5))^2*Inputs!B28/1000) -> 16.511316
A6: 40 | B6: =A6/1000 -> 0.04 | C6: =Calculator!B12*Calculator!B23*B6*Inputs!B28/1000 -> 22.014231 | D6: =Calculator!B13*Calculator!B24*B6*Inputs!B28/1000 -> 0 | E6: =(Calculator!B12*Calculator!B25*B6^3+Calculator!B13*Calculator!B26*B6^3)*Inputs!B28/1000 -> 0.001524111 | F6: =C6+D6+E6+IF(Inputs!B10<=0,0,Calculator!B14*Inputs!B27*(Inputs!B10/B6)^2*EXP(Inputs!B10/B6)/(1+EXP(Inputs!B10/B6))^2*Inputs!B28/1000) -> 22.015755
A7: 50 | B7: =A7/1000 -> 0.05 | C7: =Calculator!B12*Calculator!B23*B7*Inputs!B28/1000 -> 27.517789 | D7: =Calculator!B13*Calculator!B24*B7*Inputs!B28/1000 -> 0 | E7: =(Calculator!B12*Calculator!B25*B7^3+Calculator!B13*Calculator!B26*B7^3)*Inputs!B28/1000 -> 0.0029767792 | F7: =C7+D7+E7+IF(Inputs!B10<=0,0,Calculator!B14*Inputs!B27*(Inputs!B10/B7)^2*EXP(Inputs!B10/B7)/(1+EXP(Inputs!B10/B7))^2*Inputs!B28/1000) -> 27.520766
A8: 60 | B8: =A8/1000 -> 0.06 | C8: =Calculator!B12*Calculator!B23*B8*Inputs!B28/1000 -> 33.021347 | D8: =Calculator!B13*Calculator!B24*B8*Inputs!B28/1000 -> 0 | E8: =(Calculator!B12*Calculator!B25*B8^3+Calculator!B13*Calculator!B26*B8^3)*Inputs!B28/1000 -> 0.0051438745 | F8: =C8+D8+E8+IF(Inputs!B10<=0,0,Calculator!B14*Inputs!B27*(Inputs!B10/B8)^2*EXP(Inputs!B10/B8)/(1+EXP(Inputs!B10/B8))^2*Inputs!B28/1000) -> 33.026491
A9: 70 | B9: =A9/1000 -> 0.07 | C9: =Calculator!B12*Calculator!B23*B9*Inputs!B28/1000 -> 38.524905 | D9: =Calculator!B13*Calculator!B24*B9*Inputs!B28/1000 -> 0 | E9: =(Calculator!B12*Calculator!B25*B9^3+Calculator!B13*Calculator!B26*B9^3)*Inputs!B28/1000 -> 0.0081682823 | F9: =C9+D9+E9+IF(Inputs!B10<=0,0,Calculator!B14*Inputs!B27*(Inputs!B10/B9)^2*EXP(Inputs!B10/B9)/(1+EXP(Inputs!B10/B9))^2*Inputs!B28/1000) -> 38.533073
A10: 80 | B10: =A10/1000 -> 0.08 | C10: =Calculator!B12*Calculator!B23*B10*Inputs!B28/1000 -> 44.028462 | D10: =Calculator!B13*Calculator!B24*B10*Inputs!B28/1000 -> 0 | E10: =(Calculator!B12*Calculator!B25*B10^3+Calculator!B13*Calculator!B26*B10^3)*Inputs!B28/1000 -> 0.012192888 | F10: =C10+D10+E10+IF(Inputs!B10<=0,0,Calculator!B14*Inputs!B27*(Inputs!B10/B10)^2*EXP(Inputs!B10/B10)/(1+EXP(Inputs!B10/B10))^2*Inputs!B28/1000) -> 44.040655
A11: 90 | B11: =A11/1000 -> 0.09 | C11: =Calculator!B12*Calculator!B23*B11*Inputs!B28/1000 -> 49.53202 | D11: =Calculator!B13*Calculator!B24*B11*Inputs!B28/1000 -> 0 | E11: =(Calculator!B12*Calculator!B25*B11^3+Calculator!B13*Calculator!B26*B11^3)*Inputs!B28/1000 -> 0.017360577 | F11: =C11+D11+E11+IF(Inputs!B10<=0,0,Calculator!B14*Inputs!B27*(Inputs!B10/B11)^2*EXP(Inputs!B10/B11)/(1+EXP(Inputs!B10/B11))^2*Inputs!B28/1000) -> 49.549381
A12: 100 | B12: =A12/1000 -> 0.1 | C12: =Calculator!B12*Calculator!B23*B12*Inputs!B28/1000 -> 55.035578 | D12: =Calculator!B13*Calculator!B24*B12*Inputs!B28/1000 -> 0 | E12: =(Calculator!B12*Calculator!B25*B12^3+Calculator!B13*Calculator!B26*B12^3)*Inputs!B28/1000 -> 0.023814234 | F12: =C12+D12+E12+IF(Inputs!B10<=0,0,Calculator!B14*Inputs!B27*(Inputs!B10/B12)^2*EXP(Inputs!B10/B12)/(1+EXP(Inputs!B10/B12))^2*Inputs!B28/1000) -> 55.059392
A13: 110 | B13: =A13/1000 -> 0.11 | C13: =Calculator!B12*Calculator!B23*B13*Inputs!B28/1000 -> 60.539136 | D13: =Calculator!B13*Calculator!B24*B13*Inputs!B28/1000 -> 0 | E13: =(Calculator!B12*Calculator!B25*B13^3+Calculator!B13*Calculator!B26*B13^3)*Inputs!B28/1000 -> 0.031696745 | F13: =C13+D13+E13+IF(Inputs!B10<=0,0,Calculator!B14*Inputs!B27*(Inputs!B10/B13)^2*EXP(Inputs!B10/B13)/(1+EXP(Inputs!B10/B13))^2*Inputs!B28/1000) -> 60.570832
A14: 120 | B14: =A14/1000 -> 0.12 | C14: =Calculator!B12*Calculator!B23*B14*Inputs!B28/1000 -> 66.042694 | D14: =Calculator!B13*Calculator!B24*B14*Inputs!B28/1000 -> 0 | E14: =(Calculator!B12*Calculator!B25*B14^3+Calculator!B13*Calculator!B26*B14^3)*Inputs!B28/1000 -> 0.041150996 | F14: =C14+D14+E14+IF(Inputs!B10<=0,0,Calculator!B14*Inputs!B27*(Inputs!B10/B14)^2*EXP(Inputs!B10/B14)/(1+EXP(Inputs!B10/B14))^2*Inputs!B28/1000) -> 66.083845
A15: 130 | B15: =A15/1000 -> 0.13 | C15: =Calculator!B12*Calculator!B23*B15*Inputs!B28/1000 -> 71.546251 | D15: =Calculator!B13*Calculator!B24*B15*Inputs!B28/1000 -> 0 | E15: =(Calculator!B12*Calculator!B25*B15^3+Calculator!B13*Calculator!B26*B15^3)*Inputs!B28/1000 -> 0.052319872 | F15: =C15+D15+E15+IF(Inputs!B10<=0,0,Calculator!B14*Inputs!B27*(Inputs!B10/B15)^2*EXP(Inputs!B10/B15)/(1+EXP(Inputs!B10/B15))^2*Inputs!B28/1000) -> 71.598571
A16: 140 | B16: =A16/1000 -> 0.14 | C16: =Calculator!B12*Calculator!B23*B16*Inputs!B28/1000 -> 77.049809 | D16: =Calculator!B13*Calculator!B24*B16*Inputs!B28/1000 -> 0 | E16: =(Calculator!B12*Calculator!B25*B16^3+Calculator!B13*Calculator!B26*B16^3)*Inputs!B28/1000 -> 0.065346258 | F16: =C16+D16+E16+IF(Inputs!B10<=0,0,Calculator!B14*Inputs!B27*(Inputs!B10/B16)^2*EXP(Inputs!B10/B16)/(1+EXP(Inputs!B10/B16))^2*Inputs!B28/1000) -> 77.115155
A17: 150 | B17: =A17/1000 -> 0.15 | C17: =Calculator!B12*Calculator!B23*B17*Inputs!B28/1000 -> 82.553367 | D17: =Calculator!B13*Calculator!B24*B17*Inputs!B28/1000 -> 0 | E17: =(Calculator!B12*Calculator!B25*B17^3+Calculator!B13*Calculator!B26*B17^3)*Inputs!B28/1000 -> 0.08037304 | F17: =C17+D17+E17+IF(Inputs!B10<=0,0,Calculator!B14*Inputs!B27*(Inputs!B10/B17)^2*EXP(Inputs!B10/B17)/(1+EXP(Inputs!B10/B17))^2*Inputs!B28/1000) -> 82.63374
A18: 160 | B18: =A18/1000 -> 0.16 | C18: =Calculator!B12*Calculator!B23*B18*Inputs!B28/1000 -> 88.056925 | D18: =Calculator!B13*Calculator!B24*B18*Inputs!B28/1000 -> 0 | E18: =(Calculator!B12*Calculator!B25*B18^3+Calculator!B13*Calculator!B26*B18^3)*Inputs!B28/1000 -> 0.097543102 | F18: =C18+D18+E18+IF(Inputs!B10<=0,0,Calculator!B14*Inputs!B27*(Inputs!B10/B18)^2*EXP(Inputs!B10/B18)/(1+EXP(Inputs!B10/B18))^2*Inputs!B28/1000) -> 88.154468
A19: 170 | B19: =A19/1000 -> 0.17 | C19: =Calculator!B12*Calculator!B23*B19*Inputs!B28/1000 -> 93.560482 | D19: =Calculator!B13*Calculator!B24*B19*Inputs!B28/1000 -> 0 | E19: =(Calculator!B12*Calculator!B25*B19^3+Calculator!B13*Calculator!B26*B19^3)*Inputs!B28/1000 -> 0.11699933 | F19: =C19+D19+E19+IF(Inputs!B10<=0,0,Calculator!B14*Inputs!B27*(Inputs!B10/B19)^2*EXP(Inputs!B10/B19)/(1+EXP(Inputs!B10/B19))^2*Inputs!B28/1000) -> 93.677482
A20: 180 | B20: =A20/1000 -> 0.18 | C20: =Calculator!B12*Calculator!B23*B20*Inputs!B28/1000 -> 99.06404 | D20: =Calculator!B13*Calculator!B24*B20*Inputs!B28/1000 -> 0 | E20: =(Calculator!B12*Calculator!B25*B20^3+Calculator!B13*Calculator!B26*B20^3)*Inputs!B28/1000 -> 0.13888461 | F20: =C20+D20+E20+IF(Inputs!B10<=0,0,Calculator!B14*Inputs!B27*(Inputs!B10/B20)^2*EXP(Inputs!B10/B20)/(1+EXP(Inputs!B10/B20))^2*Inputs!B28/1000) -> 99.202925
A21: 190 | B21: =A21/1000 -> 0.19 | C21: =Calculator!B12*Calculator!B23*B21*Inputs!B28/1000 -> 104.5676 | D21: =Calculator!B13*Calculator!B24*B21*Inputs!B28/1000 -> 0 | E21: =(Calculator!B12*Calculator!B25*B21^3+Calculator!B13*Calculator!B26*B21^3)*Inputs!B28/1000 -> 0.16334183 | F21: =C21+D21+E21+IF(Inputs!B10<=0,0,Calculator!B14*Inputs!B27*(Inputs!B10/B21)^2*EXP(Inputs!B10/B21)/(1+EXP(Inputs!B10/B21))^2*Inputs!B28/1000) -> 104.73094
A22: 200 | B22: =A22/1000 -> 0.2 | C22: =Calculator!B12*Calculator!B23*B22*Inputs!B28/1000 -> 110.07116 | D22: =Calculator!B13*Calculator!B24*B22*Inputs!B28/1000 -> 0 | E22: =(Calculator!B12*Calculator!B25*B22^3+Calculator!B13*Calculator!B26*B22^3)*Inputs!B28/1000 -> 0.19051387 | F22: =C22+D22+E22+IF(Inputs!B10<=0,0,Calculator!B14*Inputs!B27*(Inputs!B10/B22)^2*EXP(Inputs!B10/B22)/(1+EXP(Inputs!B10/B22))^2*Inputs!B28/1000) -> 110.26167

Sheet Sources
A1: Sources and caveats
A3: Item | B3: Value used | C3: Source / URL | D3: Notes
A4: 163Ho half-life | B4: 4570 yr | C4: HOLMES paper uploaded in this chat: Eur. Phys. J. C (2015) 75:112, DOI 10.1140/epjc/s10052-015-3329-5 | D4: Paper states 163Ho half-life about 4570 years.
A5: HOLMES atoms/Bq scale | B5: about 2E11 atoms per Bq | C5: HOLMES paper uploaded in this chat: same DOI | D5: Paper states about 2E11 Ho nuclei give 1 decay/s.
A6: Ho density | B6: 8.795 g/cm^3 | C6: https://pubchem.ncbi.nlm.nih.gov/element/Holmium | D6: Editable on Inputs.
A7: Ho atomic mass | B7: 162.93 g/mol | C7: https://pubchem.ncbi.nlm.nih.gov/element/Holmium | D7: Using 163Ho isotope scale for activity; natural atomic weight is very close.
A8: Au density | B8: 19.32 g/cm^3 | C8: https://pubchem.ncbi.nlm.nih.gov/element/Gold | D8: Editable on Inputs.
A9: Au molar mass | B9: 196.96657 g/mol | C9: https://pubchem.ncbi.nlm.nih.gov/element/Gold | D9: Editable on Inputs.
A10: Avogadro constant | B10: 6.02214076E23 mol^-1 | C10: https://physics.nist.gov/cgi-bin/cuu/Value?na | D10: Exact SI.
A11: Boltzmann constant | B11: 1.380649E-23 J/K | C11: https://physics.nist.gov/cgi-bin/cuu/Value?k | D11: Exact SI.
A12: J to eV | B12: 6.241509074E18 eV/J | C12: https://physics.nist.gov/cgi-bin/cuu/Value?tevj | D12: Equivalent to reciprocal of elementary charge in joules/eV.
A13: Electronic gamma coefficients | B13: Ho 10 mJ/mol/K^2; Au 0.729 mJ/mol/K^2 | C13: Ho: C. A. Beall and L. R. Kinkead, Physical Review 128, 1136 (1962), https://doi.org/10.1103/PhysRev.128.1136 ; Au: Electronic specific heat tabulations / low-T data, e.g. Kittel-style value 0.729 mJ/mol/K^2 | D13: Ho fit is for metallic Ho between 0.38 and 4.2 K, extrapolated below range; C_N/magnetic-Schottky term is separate and disabled by default.
A14: Debye temperatures | B14: Ho 165 K; Au 170 K | C14: User-editable engineering estimates; replace with preferred low-temperature material data | D14: Used only for approximate phonon beta.
A15: Schottky heat capacity | B15: Disabled by default | C15: No single reliable value assumed | D15: Use Δ/kB input only for sensitivity studies; Ho hyperfine/magnetic C_N can dominate and should be measured for the actual Au:Ho alloy/concentration.
